{"users_working_balance": {"0x000755fbe4a24d7478bfcfc1e561afce82d1ff62": 0.11441412904088949, "0x034f978581617fcabb75bfbe697d2230a3285437": 0.9357562026165565, "0xbdec7287c08c0c153f9843c4796d59e3bf7178e4": 0.42181857638766496, "0x4d26f0e78c154f8fda7acf6646246fa135507017": 0.2484814886216898, "0x0e7bc8009f87231661591c05e07afbc2df89116b": 961.2886237561438, "0x50cb3c7b8eac3b33d4f1e2cb245437c68d27b726": 0.12178854963914357, "0x30a20b0281df39e6337c3cbe5865e6fdcdcce3f1": 51.01605674992383, "0xb36a0671b3d49587236d7833b01e79798175875f": 11.499494156689556, "0x510c0fcbd5fe56af9f5b23f7b7c4ad0bff2b5b00": 13.971581610934903, "0xb7bfcdc3a2aa2af3fe653c9e8a19830977e1993c": 0.20168505843210763, "0x5ed111041cdd9d6b9356fb20a248dbc7df84ee0b": 0.3978603239293818, "0xa922137a1430a136bd4416f26785cd5821f68618": 18.1818899, "0xc5076d409ee4f4e964a13d485bfd6b7c548dba34": 3.2078513716184673, "0x8d9a145868c5b5b54260be1f0113f086b87d61e0": 42.51888323612403, "0xc5d3d004a223299c4f95bb702534c14a32e8778c": 18864.46884670314, "0x10c16c7b8b1ddcfe65990ec822de4379dd8a86de": 36585.16961740021, "0x36a87d1e3200225f881488e4aeedf25303febcae": 0.40000004649195864, "0xa7499aa6464c078eeb940da2fc95c6acd010c3cc": 403.45979848736386, "0x37e06ba4b0403d33bbabafd63662b1f0fbfdf2cd": 127.20864824146285, "0x2397a6621ba076e9d0afac4cc6eee8e5c0397603": 0.967572646812, "0xb742da24d6d5803b6c5e4f5bf0ff2c0ef1e94f55": 4723.631782535002, "0xb0e83c2d71a991017e0116d58c5765abc57384af": 27279.00623548815, "0x2f7949779e18c18298c2f253e34f9355403a5c4e": 83.64125649148139, "0x514f857100fd78495a869b4ef268301375aaac3b": 11.232997079033941, "0x154001a2f9f816389b2f6d9e07563ce0359d813d": 2166.404042916002, "0xaf297dec752c909092a117a932a8ca4aaaff9795": 1106.667151728561, "0xb94933ed24d074cd1c753a568fee6d9e9f56207d": 226.262706337609, "0xbbeb825902b70063c0bf85717ed6207157504177": 1.8722321722355544, "0xaaf2be02fbcf9837361cad6bd08dbbb139395140": 114.61641183297247, "0x279a7dbfae376427ffac52fcb0883147d42165ff": 1663.6907614855972, "0xdf7bdb2d8e3c2c39b9367d887d497d450ad1c597": 0.007164696797534351, "0x6580b4a8af96532eee64fc7079ca9dcd3dd1b815": 172.80304768600638, "0x49fa0a71c8c1e4c1a08be6fc124351d5ce8ed7ee": 0.49197623122697975, "0x1d9d7711a5f625f5867f81dcb99b39a08c0b10fe": 187.0047416893849, "0x2290c35a7ad1364c80a36a443c673172f61f843f": 0.777500926018987, "0x5f82c97e9b1755237692a946ae814998bc0e2124": 418.59863771383334, "0x0437eebe530b24e0f1fa95dcbb78aa0c903b3cd0": 137.03194117537208, "0xe515ca170a2f702217722098cb0dc6a5cad8d1f7": 144.19197529216441, "0x6feb7be522db641a5c0f246924d8a92cf3218692": 1.174656551449234, "0x941a5f83b5ac79d125baaa993d85d2e76f8a55d6": 1.4980769464103854, "0xcad5334ac97b0a58cfe8012e7dd2589f0c302ab5": 7787.805555045622, "0xbc6f1ffd1fc6aa7fa2b29d20d9b84edc8887aa9f": 138.42356937621702, "0xaf8c992578bcd951bd9d92e12220eb8bcfbf6539": 1162.9880841096026, "0x579b48fa60e901e75a8c143bb1adc04d738535f8": 146.11705751254863, "0x7622f628135378f1b8d1876952de9bab80245f1c": 43.24533407981816, "0x5d6ebeb0008807e59b23c55d0e7969d442fd28d3": 38.89471651522738, "0x017f8a86bc732b517e04a8e6cbb5ad22b899e4ba": 161.9243333939381, "0xb727fee36a2dc39a8b4c8c27b70fafadf6a47e95": 3412.6665540683853, "0xa665d14d19f78dc2311f656769637bb844fd5b0b": 1.196356286254039, "0xd50cbde55f8da4e8cf94f38deae2c722a5bd156b": 79.30084843513728, "0xf1696ec04262085c24a9c8b86fc7d9bbd14b9dc3": 0.9536198552622702, "0x073aba73177668ba1c6661a4ccddbf77dfc8809a": 1233.5229349324427, "0x361fdfdc4ac1fe7c4fa8ae01cdece363572c4b6b": 9.99, "0x402d7aab5ad51a9d81b6c8b9f0a039cc3ebe41bb": 2.95036668, "0xe9a4fdf5553b1749abb869b864e23de0984944ad": 1.2029743812877303, "0xea4ac3b51e75ff58de93d3ed6531d45c28a4c6c7": 2.4297049694547077, "0x16b946273a1672d4bf213718f573f2f6ad1c874d": 772.0527460742315, "0xf4028756a9738517d00d80c7049c695ac311a1f6": 57.742123912, "0xec18b0231a5b94e044fd6cdfb88e7c4a3e01fe1e": 56.54562636239106, "0x7a01164ff5162f8e95877a7c6394407db2983406": 429.4357310570197, "0x4e13b4e63ee85df37565eff8df35bc326477591f": 10.903899015204885, "0x49a5492fdfe5acc966dd5f41310dfdfe8daa349c": 37.415133299379214, "0x5580ba66f8d6dc71adb0ca1d1c6b3d142ff7aaca": 295.5582993029778}, "users_vp": {"0x000755fbe4a24d7478bfcfc1e561afce82d1ff62": 1.7033389628578404, "0x034f978581617fcabb75bfbe697d2230a3285437": 13.931059153393917, "0xbdec7287c08c0c153f9843c4796d59e3bf7178e4": 6.279818956289546, "0x4d26f0e78c154f8fda7acf6646246fa135507017": 3.699265157775928, "0x0e7bc8009f87231661591c05e07afbc2df89116b": 14311.172764428897, "0x50cb3c7b8eac3b33d4f1e2cb245437c68d27b726": 1.8131255603594347, "0x30a20b0281df39e6337c3cbe5865e6fdcdcce3f1": 759.5009280930362, "0xb36a0671b3d49587236d7833b01e79798175875f": 171.19858023168766, "0x510c0fcbd5fe56af9f5b23f7b7c4ad0bff2b5b00": 208.00175231984198, "0xb7bfcdc3a2aa2af3fe653c9e8a19830977e1993c": 3.0025838690857403, "0x5ed111041cdd9d6b9356fb20a248dbc7df84ee0b": 5.9231407624661765, "0xa922137a1430a136bd4416f26785cd5821f68618": 270.68266607171716, "0xc5076d409ee4f4e964a13d485bfd6b7c548dba34": 47.75684851284362, "0x8d9a145868c5b5b54260be1f0113f086b87d61e0": 632.9993601350591, "0xc5d3d004a223299c4f95bb702534c14a32e8778c": 280844.5518885502, "0x10c16c7b8b1ddcfe65990ec822de4379dd8a86de": 544661.2703734321, "0x36a87d1e3200225f881488e4aeedf25303febcae": 5.954995856247825, "0xa7499aa6464c078eeb940da2fc95c6acd010c3cc": 6006.502872251877, "0x37e06ba4b0403d33bbabafd63662b1f0fbfdf2cd": 1893.8172127738173, "0x2397a6621ba076e9d0afac4cc6eee8e5c0397603": 14.404726081700675, "0xb742da24d6d5803b6c5e4f5bf0ff2c0ef1e94f55": 70323.01105495486, "0xb0e83c2d71a991017e0116d58c5765abc57384af": 406115.87553442, "0x2f7949779e18c18298c2f253e34f9355403a5c4e": 1245.208194814913, "0x514f857100fd78495a869b4ef268301375aaac3b": 167.23110820997317, "0x154001a2f9f816389b2f6d9e07563ce0359d813d": 32252.313997625188, "0xaf297dec752c909092a117a932a8ca4aaaff9795": 16475.493842027965, "0xb94933ed24d074cd1c753a568fee6d9e9f56207d": 3368.4833051412334, "0xbbeb825902b70063c0bf85717ed6207157504177": 27.87283382933488, "0xaaf2be02fbcf9837361cad6bd08dbbb139395140": 1706.3504454794272, "0x279a7dbfae376427ffac52fcb0883147d42165ff": 24768.17609800875, "0xdf7bdb2d8e3c2c39b9367d887d497d450ad1c597": 0.10666433695388794, "0x6580b4a8af96532eee64fc7079ca9dcd3dd1b815": 2572.6032832794945, "0x49fa0a71c8c1e4c1a08be6fc124351d5ce8ed7ee": 7.324290194521223, "0x1d9d7711a5f625f5867f81dcb99b39a08c0b10fe": 2784.0308310598393, "0x2290c35a7ad1364c80a36a443c673172f61f843f": 11.57503563631459, "0x5f82c97e9b1755237692a946ae814998bc0e2124": 6231.882158211136, "0x0437eebe530b24e0f1fa95dcbb78aa0c903b3cd0": 2040.0613675662191, "0xe515ca170a2f702217722098cb0dc6a5cad8d1f7": 2146.6562889169313, "0x6feb7be522db641a5c0f246924d8a92cf3218692": 17.487685208394527, "0x941a5f83b5ac79d125baaa993d85d2e76f8a55d6": 22.302602428306425, "0xcad5334ac97b0a58cfe8012e7dd2589f0c302ab5": 115940.86104810688, "0xbc6f1ffd1fc6aa7fa2b29d20d9b84edc8887aa9f": 2060.779215581859, "0xaf8c992578bcd951bd9d92e12220eb8bcfbf6539": 17313.971041944635, "0x579b48fa60e901e75a8c143bb1adc04d738535f8": 2175.315927199135, "0x7622f628135378f1b8d1876952de9bab80245f1c": 643.8143882879451, "0x5d6ebeb0008807e59b23c55d0e7969d442fd28d3": 579.0446218929857, "0x017f8a86bc732b517e04a8e6cbb5ad22b899e4ba": 2410.6465557772817, "0xb727fee36a2dc39a8b4c8c27b70fafadf6a47e95": 50806.03206540209, "0xa665d14d19f78dc2311f656769637bb844fd5b0b": 17.810739747956656, "0xd50cbde55f8da4e8cf94f38deae2c722a5bd156b": 1180.5904223505456, "0xf1696ec04262085c24a9c8b86fc7d9bbd14b9dc3": 14.197004066189859, "0x073aba73177668ba1c6661a4ccddbf77dfc8809a": 18364.05778082084, "0x361fdfdc4ac1fe7c4fa8ae01cdece363572c4b6b": 148.72600422338132, "0x402d7aab5ad51a9d81b6c8b9f0a039cc3ebe41bb": 43.92354827929965, "0xe9a4fdf5553b1749abb869b864e23de0984944ad": 17.90926655775961, "0xea4ac3b51e75ff58de93d3ed6531d45c28a4c6c7": 36.17220335822737, "0x16b946273a1672d4bf213718f573f2f6ad1c874d": 11493.925923254186, "0xf4028756a9738517d00d80c7049c695ac311a1f6": 859.6351716519639,